,trans_date_trans_time,cc_num,trannsaction_type,amt,city,lat,long,trans_num,merch_lat,merch_long,is_fraud
0,01-01-2019 00:00,2.70319E+15,misc_net,4.97,Moravian Falls,36.0788,-81.1781,0b242abb623afc578575680df30655b9,36.011293,-82.048315,0
1,01-01-2019 00:00,6.30423E+11,grocery_pos,107.23,Orient,48.8878,-118.2105,1f76529f8574734946361c461b024d99,49.159047,-118.186462,0
2,01-01-2019 00:00,3.88595E+13,entertainment,220.11,Malad City,42.1808,-112.262,a1a22d70485983eac12b5b88dad1cf95,43.150704,-112.154481,0
3,01-01-2019 00:01,3.53409E+15,gas_transport,45,Boulder,46.2306,-112.1138,6b849c168bdad6f867558c3793159a81,47.034331,-112.561071,0
4,01-01-2019 00:03,3.75534E+14,misc_pos,41.96,Doe Hill,38.4207,-79.4629,a41d7549acf90789359a9aa5346dcb46,38.674999,-78.632459,0
5,01-01-2019 00:04,4.76727E+15,gas_transport,94.63,Dublin,40.375,-75.2045,189a841a0a8ba03058526bcfe566aab5,40.653382,-76.152667,0
6,01-01-2019 00:04,3.00747E+13,grocery_net,44.54,Holcomb,37.9931,-100.9893,83ec1cc84142af6e2acf10c44949e720,37.162705,-100.15337,0
7,01-01-2019 00:05,6.01136E+15,gas_transport,71.65,Edinburg,38.8432,-78.6003,6d294ed2cc447d2c71c7171a3d54967c,38.948089,-78.540296,0
8,01-01-2019 00:05,4.92271E+15,misc_pos,4.27,Manor,40.3359,-79.6607,fc28024ce480f8ef21a32d64c93a29f5,40.351813,-79.958146,0
9,01-01-2019 00:06,2.72083E+15,grocery_pos,198.39,Clarksville,36.522,-87.349,3b9014ea8fb80bd65de0b1463b00b00e,37.179198,-87.485381,0
10,01-01-2019 00:06,4.64289E+12,grocery_pos,24.74,Clarinda,40.7491,-95.038,d71c95ab6b7356dd74389d41df429c87,40.275891,-96.011548,0
11,01-01-2019 00:06,3.77234E+14,shopping_net,7.77,Shenandoah Junction,39.3716,-77.8229,3c74776e558f1499a7824b556e474b1d,40.103866,-78.624459,0
12,01-01-2019 00:06,1.80043E+14,grocery_pos,71.22,Saint Petersburg,27.7898,-82.7243,c1d9a7ddb1e34639fe82758de97f4abf,27.630593,-82.308891,0
13,01-01-2019 00:07,5.55986E+15,grocery_pos,96.29,Grenada,41.6125,-122.5258,413636e759663f264aae1819a4d4f231,41.65752,-122.230347,0
14,01-01-2019 00:09,3.51487E+15,shopping_pos,7.77,High Rolls Mountain Park,32.9396,-105.8189,8a6293af5ed278dea14448ded2685fea,32.863258,-106.520205,0
15,01-01-2019 00:09,6.012E+15,shopping_net,3.26,Harrington Park,40.9918,-73.98,baae0b096835c975857eea7e28dde3dc,41.831174,-74.335559,0
16,01-01-2019 00:10,6.01186E+15,misc_net,327,Lahoma,36.385,-98.0727,991c04803b4d4eeab30d6245a872e3d3,36.384092,-99.048472,0
17,01-01-2019 00:10,3.56542E+15,shopping_pos,341.67,Carlisle,38.9763,-87.3667,f12cf52be2175703db789a4644c32f25,38.674491,-88.305767,0
18,01-01-2019 00:11,2.34825E+15,food_dining,63.07,Harborcreek,42.1767,-79.9416,8500f3d459047eac8443307b1e8296e5,41.430274,-79.492553,0
19,01-01-2019 00:12,4.95683E+18,grocery_pos,44.71,Elizabeth,40.6747,-74.2239,09eff9c806365e2a6be12c1bbab3d70e,40.079588,-74.848087,0
20,01-01-2019 00:13,4.46978E+18,grocery_pos,57.34,Methuen,42.728,-71.181,139a1bee15be607d79fe173bfcb2502a,42.26876,-71.217297,0
21,01-01-2019 00:14,2.30534E+15,gas_transport,50.79,Moulton,40.6866,-92.6833,b9c4615bec3561c8e83b0c1d6c7028e2,40.18893,-91.955115,0
22,01-01-2019 00:17,1.80048E+14,grocery_net,46.28,Plainfield,40.6152,-74.415,19e23c6a300c774354417befe4f31f8c,40.021888,-74.228188,0
23,01-01-2019 00:17,6.30442E+11,shopping_pos,9.55,May,31.9571,-98.9656,c4b4daebab8be54cadde4b941244ca53,31.62635,-98.610225,0
24,01-01-2019 00:18,4.42878E+18,shopping_pos,22.95,Waukesha,42.9993,-88.2196,d2432bfeabf142dc1bae1d426e32aecc,43.375041,-89.055065,0
25,01-01-2019 00:18,3.43464E+14,misc_net,2.55,Bailey,35.8072,-78.0892,abe0676c18f34fa305b113fa762e29b5,36.74987,-78.67787,0
26,01-01-2019 00:20,3.7493E+14,grocery_pos,64.09,Romulus,42.2203,-83.3583,6f363661ba6b55889e488dd178f2a0af,42.360426,-83.552316,0
27,01-01-2019 00:21,4.33423E+15,misc_pos,6.85,Freedom,43.0172,-111.0292,f3c43d336e92a44fc2fb67058d5949e3,43.753735,-111.454923,0
28,01-01-2019 00:22,4.22599E+18,grocery_pos,90.22,Honokaa,20.0827,-155.488,95826e3caa9e0b905294c6dae985aec1,19.560013,-156.045889,0
29,01-01-2019 00:22,4.26006E+15,shopping_pos,4.02,Valentine,42.8062,-100.6215,20490f3f0966ce74b4aaba8dc2c4ed52,42.47559,-101.265846,0
30,01-01-2019 00:22,1.80095E+14,shopping_net,3.66,Westfir,43.7575,-122.481,870c92b288a974a2faf1f24b05c27e33,44.278191,-121.815161,0
31,01-01-2019 00:22,4.59974E+18,grocery_pos,82.8,Tiptonville,36.3846,-89.4649,cb598ec00d349dc95e7b3c18de5ae800,36.294205,-89.811282,0
32,01-01-2019 00:22,6.30413E+11,shopping_pos,66.21,Republic,46.368,-87.9938,20f048d3907dbb9978e23bee7b7578ce,46.412038,-88.516663,0
33,01-01-2019 00:23,2.71221E+15,misc_pos,25.58,Baton Rouge,30.4066,-91.1468,1654da2abfb9e79a5f99167fc9779558,29.737426,-90.853194,0
34,01-01-2019 00:23,3.74125E+14,shopping_pos,9.03,Washington,38.9757,-77.0282,c733711c521c41c578f4a964d8350df0,38.880898,-76.441116,0
35,01-01-2019 00:25,3.49613E+14,grocery_pos,99,Big Creek,37.1046,-83.5706,7e2f9596cb3a3595ece15611ee338e5c,36.823545,-83.90104,0
36,01-01-2019 00:26,3.59822E+15,grocery_pos,207.36,Bellmore,40.6729,-73.5365,f246ac27c09429ff1e385d4683c79c4d,40.202538,-73.859212,0
37,01-01-2019 00:27,2.13142E+14,misc_pos,181.35,Florence,32.153,-90.1217,7bb25a43205191eb7344282b88fc54d3,31.939812,-90.726209,0
38,01-01-2019 00:27,3.05612E+13,gas_transport,82.22,Allentown,40.5891,-75.4645,61bcb858dd5c8e2d0d46d02b4fa0bf8e,40.586238,-75.802249,0
39,01-01-2019 00:29,4.78991E+15,grocery_pos,221.81,Moriches,40.8095,-72.8229,a8394c3e555166ce2f90eee628bd9ade,40.011959,-72.594808,0
40,01-01-2019 00:30,6.76373E+11,gas_transport,53.6,Esbon,39.7562,-98.4462,f1566e9623814dd277dfa2a9bf83ea36,40.332519,-99.062962,0
41,01-01-2019 00:31,3.00115E+13,misc_pos,54.02,Chatham,42.3496,-73.5873,8d11abad6bc3501f9994f061e3a5b730,42.041783,-73.076424,0
42,01-01-2019 00:31,4.64226E+15,gas_transport,102.13,Thompson,38.9999,-109.615,47238da5b40d126c8abea40a857c7809,39.807313,-109.348294,0
43,01-01-2019 00:32,3.00747E+13,grocery_pos,212.75,Holcomb,37.9931,-100.9893,d9dcde500bed2cad48ee41e44c362596,38.862183,-101.234087,0
44,01-01-2019 00:32,1.80068E+14,grocery_pos,130.4,North Prairie,42.9385,-88.395,14a6e29ac65424550ea7e7c9f551dbb8,42.236269,-88.397336,0
45,01-01-2019 00:32,2.13127E+14,grocery_pos,91.16,Laredo,27.5155,-99.4986,685bcca9eb5ce554134d7242d564ecc9,27.588953,-99.816911,0
46,01-01-2019 00:33,2.26674E+15,gas_transport,55.78,Grant,34.4959,-86.259,392529cae1f1f1647093732a8f319c50,35.255978,-86.041872,0
47,01-01-2019 00:34,3.55363E+15,grocery_pos,83.07,Conway,48.34,-122.3456,9b7a0619dcc5c572dc134f2827ed5a6b,48.682111,-122.719904,0
48,01-01-2019 00:36,3.51106E+15,shopping_net,4.38,New Goshen,39.5803,-87.4616,f1e1ad954f49955c37b45eb71b2d1642,39.681736,-88.323862,0
49,01-01-2019 00:36,4.11027E+18,grocery_pos,130.89,Sunflower,33.5567,-90.5451,e02fd7d82af517718f83a3f05077d435,33.595647,-90.234118,0
50,01-01-2019 00:37,4.26578E+15,grocery_pos,103,Enola,35.2087,-92.2123,289789e617eece42a9cafe36680b1b69,35.034285,-92.34301,0
51,01-01-2019 00:39,3.58379E+15,grocery_net,50.82,Roosevelt,34.847,-98.9836,64a6d4be2510d764cbd869cd2a57a4fd,34.852665,-98.90267,0
52,01-01-2019 00:39,2.13194E+14,gas_transport,60.77,Pointe Aux Pins,45.7549,-84.447,211c26efcb0ed5e87d4700daee23e070,45.323099,-85.116543,0
53,01-01-2019 00:39,60495593109,food_dining,122.86,Dallas,32.7699,-96.743,7d68e49b63d845b808108fcd41c15877,32.282224,-97.46183,0
54,01-01-2019 00:40,4.72584E+18,grocery_pos,212.45,Jay,30.8985,-87.1332,88fde595524ba43924f36bd397b86413,31.414174,-87.138632,0
55,01-01-2019 00:40,3.04043E+13,misc_pos,7.33,North Tonawanda,43.0498,-78.851,01620e8ae84989a6f95581855e49da99,43.1763,-77.901777,0
56,01-01-2019 00:40,2.13179E+14,gas_transport,70.53,Athena,45.8289,-118.4971,7b91bd200c11c5cd24b43694e12b5bbc,46.043252,-117.962133,0
57,01-01-2019 00:40,2.35628E+15,grocery_pos,58.26,Chester,38.9583,-76.2842,d94f89d7360cd6bade6cf1b73d003e8f,39.240962,-76.712732,0
58,01-01-2019 00:41,3.56874E+15,grocery_net,50.45,Elkhart,41.8114,-93.4855,16e0d3920a0e896a70fa54e7162165c0,41.776673,-93.350689,0
59,01-01-2019 00:41,4.64226E+15,misc_net,177.57,Thompson,38.9999,-109.615,048dc7fc7ae8efd51f59f7176e6a8bd7,38.419431,-109.380252,0
60,01-01-2019 00:42,4.50914E+15,shopping_pos,8.57,Surrency,31.6489,-82.1982,70ed1a189a6bce479e564b120f2379d9,32.023302,-82.58345,0
61,01-01-2019 00:43,3.54756E+15,gas_transport,56.66,Arcadia,44.5232,-86.2061,144d8b04f90eb30e8df105a091212d99,44.00529,-86.25199,0
62,01-01-2019 00:44,4.43309E+15,grocery_net,75.34,Gaithersburg,39.2335,-77.1458,d6b7e57ba04fbb046f93a87301e493cb,38.817293,-77.833468,0
63,01-01-2019 00:44,2.72043E+15,gas_transport,62.54,Bowdoin,44.0575,-69.9656,2eb55ba0572d67a64baaa8c463878d8c,43.585423,-70.449359,0
64,01-01-2019 00:45,4.71656E+15,grocery_pos,92.84,Heart Butte,48.2777,-112.8456,985ebf94aa7a3beeb927d07f77f0354c,49.080153,-113.53238,0
65,01-01-2019 00:46,3.53692E+15,misc_net,2.76,San Jose,37.3304,-121.7913,70ca7fe41f09770d724a027152dcb9f0,37.548452,-121.536454,0
66,01-01-2019 00:47,3.52567E+15,shopping_net,101.35,Rumely,46.3481,-87.0436,dab9571cce549056d3c6fedc525ccf23,46.796891,-86.331091,0
67,01-01-2019 00:48,4.70787E+15,misc_net,303.47,Cranks,36.7558,-83.1838,cdb332a151bdd568d98837b9e19043b8,36.394203,-82.514283,0
68,01-01-2019 00:49,4.66631E+18,shopping_net,83.52,Ravenna,41.0233,-98.9041,5f7aafc802c8acb5924041bca310040f,40.992141,-98.831582,0
69,01-01-2019 00:49,2.24874E+15,shopping_pos,9.97,Utica,38.6411,-100.138,22be5ae91a9497c54279abdb4b25210d,38.075226,-99.138453,0
70,01-01-2019 00:50,4.51283E+18,grocery_net,16.16,Uledi,39.8936,-79.7856,514a1b5251ca91aeab8994cf6253f04b,39.222743,-78.839099,0
71,01-01-2019 00:52,3.50151E+15,grocery_pos,59.56,Naples,26.1184,-81.7361,e922037de4ac8a6bec29be758e4ce195,25.801181,-82.351291,0
72,01-01-2019 00:55,3.0273E+13,gas_transport,57.23,Thida,35.5762,-91.4539,044fca5318d0550ed661b507b216f83c,36.144895,-92.188172,0
73,01-01-2019 00:56,3.55888E+15,shopping_pos,317.14,Parks,35.2563,-111.95,3fe3286b0ea3f8c8857ec2e3da17b853,35.268124,-112.682895,0
74,01-01-2019 00:56,3.04876E+13,grocery_pos,127.88,Central,38.097,-86.1723,02384110799958e20345759c49a8910b,38.860981,-86.773396,0
75,01-01-2019 00:56,5.71465E+11,shopping_net,113.4,Fort Washakie,43.0048,-108.8964,9d660a18154a3ba5fe869f373c6f819c,42.868965,-108.50335,0
76,01-01-2019 00:57,3.78006E+14,shopping_net,94.53,Etlan,38.5095,-78.2638,d513918bedeff433054b9384483bd79c,37.84676,-79.262334,0
77,01-01-2019 00:57,3.41283E+14,shopping_pos,1.82,Brinson,30.9788,-84.7373,35dd52e536ac27feca9d33ad8426f579,31.973466,-84.244731,0
78,01-01-2019 00:58,4.48113E+12,gas_transport,75.77,Shrewsbury,42.2848,-71.7205,1240cd77c20744f96aa5e6a5cf9b1fcf,42.889256,-71.888107,0
79,01-01-2019 00:58,4.68726E+12,grocery_pos,108.59,Bigelow,43.5336,-95.6515,c7398ef8cebfefee82e590d473cf538b,44.51103,-95.934394,0
80,01-01-2019 00:59,5.45678E+15,gas_transport,48.68,North Washington,41.0472,-79.8089,673b35c970ef05a2acceb2af42f919d7,40.237898,-79.894073,0
81,01-01-2019 01:00,4.98113E+12,gas_transport,72.35,Holloway,40.0113,-80.9701,cfe0948d7b26c9fef58e59a9bf41d3e5,39.308098,-81.698525,0
82,01-01-2019 01:00,6.01189E+15,misc_pos,218.71,Littleton,39.5994,-105.0044,43204045928cb3449edc63078a75b48c,39.335171,-104.102882,0
83,01-01-2019 01:01,6.53463E+15,gas_transport,52.59,Hinesburg,44.3346,-73.098,2686067ebeee0aa355a750faf309384e,45.084808,-73.626071,0
84,01-01-2019 01:02,3.76028E+14,grocery_pos,89.11,Meadville,39.7795,-93.3014,1cb03ad950bab1ca74b02500644ec1ba,40.773306,-92.821257,0
85,01-01-2019 01:02,5.71365E+11,grocery_net,89.35,Elberta,44.5995,-86.2141,bce01a6ae8b8c6227cd4f1de751c017c,44.630758,-87.123894,0
86,01-01-2019 01:04,3.51876E+15,grocery_pos,50.68,Moab,38.5677,-109.5271,61861370b5c31b9c00fd949124944d7a,38.482541,-108.853856,0
87,01-01-2019 01:06,5.45678E+15,gas_transport,64.47,North Washington,41.0472,-79.8089,93953aab1a46beb5d65c8ab368a3f860,40.068764,-79.826882,0
88,01-01-2019 01:06,3.57758E+15,grocery_net,63.58,Diamond,41.0935,-81.0425,0189da32192f942196b01f50bcebeac8,41.8136,-81.23077,0
89,01-01-2019 01:08,2.13112E+14,gas_transport,81.85,Bradley,34.0326,-82.2027,4e2abdbd30c0353eeddf16650e1fc46b,33.828473,-81.642924,0
90,01-01-2019 01:09,3.59233E+15,gas_transport,59.7,Hopewell,37.2876,-77.295,9431e17d0ed2ec210587c4085d4c6887,36.962777,-77.640054,0
91,01-01-2019 01:09,4.68352E+15,gas_transport,90.54,Hawthorne,33.9143,-118.3493,295b782f9fa48f76f508179ec6412f9d,32.990285,-117.836803,0
92,01-01-2019 01:09,3.50209E+15,grocery_pos,50.57,Kensington,39.0298,-77.0793,0cf233c92827db6083d311379ad67d46,38.394608,-76.437916,0
93,01-01-2019 01:09,1.80048E+14,misc_net,3.79,Plainfield,40.6152,-74.415,7c63dd07b14aac7dc99f4587d83dd599,40.813669,-75.283465,0
94,01-01-2019 01:10,6.51135E+15,grocery_net,54.54,Ruth,39.3426,-114.8859,2d441ff99c98107300207fdfc6dc71f0,38.69322,-115.87599,0
95,01-01-2019 01:11,4.19847E+12,misc_net,3.35,Avoca,41.4768,-95.3509,054e43b7ffbe6f2315c2ef123f2da0c0,41.907592,-95.809232,0
96,01-01-2019 01:14,4.42349E+15,gas_transport,50.61,Princeton,41.6858,-90.3706,a76f5e9735622f062eb663f06c169a94,41.027284,-89.416172,0
97,01-01-2019 01:14,3.51823E+15,grocery_net,50.74,Sherman,33.6372,-96.6184,8ba96beff66354e33f9fe96051a9a4a3,34.266941,-96.709668,0
98,01-01-2019 01:14,6.59325E+15,grocery_pos,186.73,Loxahatchee,26.7383,-80.276,73e0bef38dd11227990b0e4e466d3706,27.610009,-79.49811,0
99,01-01-2019 01:15,6.01149E+15,grocery_net,39.95,Smackover,33.3398,-92.7442,f487762b6cebc5a18abcfcb90b644c01,33.651123,-91.902918,0
100,01-01-2019 01:16,6.59325E+15,gas_transport,55.18,Loxahatchee,26.7383,-80.276,3c6158c556727d527f8b51cc03b30236,27.346033,-80.475563,0
101,01-01-2019 01:17,4.14924E+15,grocery_pos,92.99,Cokeburg,40.1008,-80.0652,82a8fce947e7d34e5bcf45fd9fe9f42d,40.706082,-80.366274,0
102,01-01-2019 01:18,6.39046E+11,misc_pos,43.02,Leetsdale,40.5662,-80.2099,d326f783a50d8654a38831c8ab97bee8,41.419964,-79.957263,0
103,01-01-2019 01:19,2.23561E+15,gas_transport,51.33,Manville,42.73,-104.7024,a8af4c635415817aaeea5cbbe380e010,42.508248,-105.34481,0
104,01-01-2019 01:19,5.10481E+15,misc_pos,47.85,Westhampton Beach,40.8295,-72.6473,dd8b591a334c3fc2f2b3d575bb25d3a5,40.712685,-72.124522,0
105,01-01-2019 01:20,1.8004E+14,shopping_pos,9.23,New York City,40.7699,-73.9511,bcba3232a5192f63bb055c14f71542a7,41.395142,-74.887524,0
106,01-01-2019 01:21,4.12977E+15,gas_transport,80.36,Halstad,47.3551,-96.798,9088a967b5eba8188e88a447225a5a0b,46.60956,-96.630804,0
107,01-01-2019 01:22,4.01811E+18,misc_net,6.36,Allenhurst,40.2367,-74.0067,99b8d1e83b17dad071aedb850c3a8da9,39.926556,-73.774415,0
108,01-01-2019 01:22,4.47432E+15,shopping_net,226.33,June Lake,37.7773,-119.0825,208e003f309f9db37b3c40ddc9271908,36.819789,-119.670559,0
109,01-01-2019 01:23,3.03762E+13,shopping_net,215.99,Sixes,42.825,-124.4409,e13482d8e24ed41362ff84bb9f100623,42.988724,-123.904978,0
110,01-01-2019 01:23,3.4879E+14,misc_net,1.47,Holstein,40.4542,-98.6538,6569a85a160476c677bf9a4c2da40cfd,41.14486,-99.38762,0
111,01-01-2019 01:23,1.80014E+14,entertainment,5.83,Brantley,31.571,-86.2743,14eb123e2dc9745d0ca4c87a5469ffe4,31.798954,-86.213243,0
112,01-01-2019 01:23,2.2608E+15,shopping_net,51.04,Paxton,42.3066,-71.9202,32b073ebd568a36b9720f92882a0ac04,41.948237,-71.668538,0
113,01-01-2019 01:23,4.97942E+15,grocery_pos,122.05,Westerville,41.4193,-99.3844,d83aa7370cef2c7a209118f313d0b360,41.609064,-99.650276,0
114,01-01-2019 01:25,3.75768E+14,grocery_net,106.19,Timberville,38.6476,-78.7717,1d088cdb9fa62ea5cbd482110abaedf0,38.336898,-79.568795,0
115,01-01-2019 01:26,6.01139E+15,grocery_pos,129.09,Dunlevy,40.1151,-79.8627,d97964d0b996ba0d0dbf2aae5f558dcd,40.92927,-79.548333,0
116,01-01-2019 01:28,3.59233E+15,entertainment,7.06,Hopewell,37.2876,-77.295,d27fd7a3300953b0cb67d38e65c2f344,37.426207,-76.502881,0
117,01-01-2019 01:28,4.60707E+15,gas_transport,61.71,Coyle,35.8985,-97.2607,2b76f72055163acfeaa19f6c1f15314c,36.694647,-97.517515,0
118,01-01-2019 01:30,4.22973E+15,gas_transport,45.77,Elizabethtown,37.6848,-85.8784,949a6e32484f6a256a45bf09625165ff,36.687137,-85.278013,0
119,01-01-2019 01:30,5.02013E+11,gas_transport,61,Garrattsville,42.6315,-75.1866,4162cf5479ea1c7fb0d55dfdb1df834c,43.123814,-75.052169,0
120,01-01-2019 01:31,4.64289E+12,grocery_net,38.7,Clarinda,40.7491,-95.038,83afa07b375903bed0eef11840145895,39.880088,-94.193907,0
121,01-01-2019 01:31,5.01883E+11,food_dining,98.24,Meadville,31.4285,-90.8578,6658882e9274e3d6fc3dffa5593b8ad6,30.906565,-90.486622,0
122,01-01-2019 01:32,3.02704E+13,misc_net,3.66,Lomax,40.6761,-91.0391,895bfdf48e8c52d12f11b180712438fa,40.7433,-90.088705,0
123,01-01-2019 01:32,4.68364E+12,misc_pos,34.11,Egan,30.251,-92.5002,4afacee0a85f77dbd5b16fb0e29512ac,30.474879,-91.588063,0
124,01-01-2019 01:32,3.56788E+15,grocery_pos,134.66,Brownville,44.0577,-76.0196,19853c021cb7ef4ffa32f76c16193a1b,43.994486,-75.603839,0
125,01-01-2019 01:33,3.56874E+15,grocery_net,55.6,Elkhart,41.8114,-93.4855,a85f17caa74a4eb0acaff9bae866b1d9,41.081282,-92.85909,0
126,01-01-2019 01:33,3.56788E+15,gas_transport,58.79,Brownville,44.0577,-76.0196,e464e694234a447e69ae2b3d4afb7804,44.015435,-76.027125,0
127,01-01-2019 01:34,5.10481E+15,grocery_net,57.43,Westhampton Beach,40.8295,-72.6473,7b8a169e6c95ced581a7f227f60803cf,41.669034,-73.271605,0
128,01-01-2019 01:34,6.0111E+15,grocery_pos,83.81,Drakes Branch,36.9688,-78.5615,4e00575ea0d37490f513525361b3cfd3,36.822396,-78.452392,0
129,01-01-2019 01:34,3.50659E+15,grocery_net,27.03,Ballwin,38.577,-90.5255,011f7fc2db063dc3f63219a76e052ace,38.984909,-90.842219,0
130,01-01-2019 01:36,3.51961E+15,misc_net,23.8,Fields Landing,40.7268,-124.2174,98fec127a1545ec4dad787e5326bd374,40.110823,-124.429537,0
131,01-01-2019 01:36,6.76246E+11,shopping_pos,3.74,West Palm Beach,26.7197,-80.1248,870f6880d0de3956e68e8942126527ac,26.192035,-80.032857,0
132,01-01-2019 01:36,3.63605E+13,misc_pos,9.07,West Chazy,44.797,-73.5112,fd55311b9dc5f80cb7d99cb861f9dcde,44.070021,-73.688454,0
133,01-01-2019 01:37,3.5433E+15,gas_transport,64.72,Lebanon,36.8809,-82.0956,395dc5bf20e1fd8cf0f0a5e51b816998,36.265214,-81.891953,0
134,01-01-2019 01:37,6.0115E+15,grocery_pos,92.56,Jones,32.5104,-86.8138,9439af9f09040eac2c5f02dbdcc37a9f,33.347838,-86.819795,0
135,01-01-2019 01:37,3.56788E+15,grocery_pos,113.19,Brownville,44.0577,-76.0196,61aa9cb51f56910884272f434a55955c,44.465636,-75.525258,0
136,01-01-2019 01:38,4.95859E+18,food_dining,187.27,Burke,38.7894,-77.2818,5476b80d8bdaa67fea1537b64eeb1f15,38.301944,-76.507232,0
137,01-01-2019 01:39,3.56594E+15,food_dining,68.24,Webster City,42.4657,-93.8262,b3b9fb3557a216135aba6469b2edc761,42.699989,-93.883915,0
138,01-01-2019 01:41,4.06058E+15,shopping_pos,636.41,Ozawkie,39.2136,-95.4404,25240538cb76fe0e9f55c3eb2c5e3bf9,39.936995,-94.604311,0
139,01-01-2019 01:41,4.18653E+12,shopping_net,500.92,Blackville,33.3645,-81.2718,837eefecce8e6e71f5634b437a982d3d,34.3281,-81.727628,0
140,01-01-2019 01:41,5.55986E+15,shopping_pos,2.1,Grenada,41.6125,-122.5258,53fb041938a6e239a2e1679d27a7f9c2,41.096733,-122.623454,0
141,01-01-2019 01:42,6.51507E+15,gas_transport,69.54,Damascus,36.6403,-81.7776,9ea93e7b76291b4f4a718b4a6f36f8ed,35.906566,-82.096532,0
142,01-01-2019 01:43,3.00747E+13,gas_transport,84.23,Holcomb,37.9931,-100.9893,482cd31997516a573938c06622dd29d4,37.814677,-101.502441,0
143,01-01-2019 01:43,3.54169E+15,grocery_pos,117.77,Sea Island,31.1989,-81.3322,fc3e8d99c4edcba65fd3a900229220f4,31.167024,-80.801294,0
144,01-01-2019 01:44,2.13175E+14,shopping_net,5.61,Rule,33.0771,-99.959,b799e535538924c4820e1960d99ee0f7,32.715671,-100.074321,0
145,01-01-2019 01:44,3.67214E+13,gas_transport,71.74,Jefferson,42.4999,-74.6117,91a6d1b53cde6964ec74f34d3f087579,43.392165,-75.505542,0
146,01-01-2019 01:45,3.51138E+15,gas_transport,75.76,Huntsville,34.7789,-86.5438,daa13862b3a74247a7ec2b9c91f57ac4,33.816815,-86.429446,0
147,01-01-2019 01:46,6.01137E+15,gas_transport,83.1,Hinckley,41.2419,-81.7453,93717217656859083b507e32bdc6577b,42.206551,-81.591845,0
148,01-01-2019 01:46,3.8199E+13,misc_pos,32.82,Acworth,43.196,-72.3001,a05deff7a60c8b5ef65f780ef5c09743,42.348367,-72.689467,0
149,01-01-2019 01:47,2.13113E+14,gas_transport,57.5,Camden,43.3392,-75.7543,ffaa189d06b4978eb5398b669b02547b,42.740793,-74.959902,0
150,01-01-2019 01:47,4.65388E+15,grocery_net,53.87,Smiths Grove,37.0581,-86.1938,47d1b0ee1ad5619a39708fec07275ae7,36.784818,-86.369122,0
151,01-01-2019 01:49,3.74125E+14,gas_transport,47.1,Washington,38.9757,-77.0282,e58818f6b3f998f5c287bcf35259fed9,38.863724,-77.122748,0
152,01-01-2019 01:49,3.00747E+13,misc_pos,184.83,Holcomb,37.9931,-100.9893,39d3648622f26dc97a2df65d8b074b32,37.392254,-101.332313,0
153,01-01-2019 01:49,3.58364E+15,grocery_net,56.35,Philadelphia,40.0369,-75.0664,4f42c5730ad43d9b374109ff923b4c76,39.220115,-74.711564,0
154,01-01-2019 01:50,3.54116E+15,grocery_net,55.81,Murrayville,39.5723,-90.2379,6ba46336972d5dbe7a38ffb214d9803e,39.575819,-90.149623,0
155,01-01-2019 01:50,3.51961E+15,gas_transport,67.91,Fields Landing,40.7268,-124.2174,8e364131ffb75a95c9a04b304c9994e4,41.137569,-123.63216,0
156,01-01-2019 01:53,3.48379E+14,gas_transport,75.82,Melbourne,28.1384,-80.6524,07ace7bae64a01639040a26599e27724,28.802621,-80.313624,0
157,01-01-2019 01:54,4.68364E+12,grocery_pos,123.14,Egan,30.251,-92.5002,5cfc5255cf34ff3affe2f7c2319aa09a,31.021036,-92.90296,0
158,01-01-2019 01:56,3.74822E+14,shopping_pos,8.34,Palmyra,43.0622,-77.2218,8f839e739055218d8e7e468de7d5f111,42.624988,-76.508987,0
159,01-01-2019 01:56,3.04424E+13,misc_net,14.03,Jermyn,41.5744,-75.5881,c5b45db3f9af5c8f13573906e7dafcdc,40.868184,-76.283066,0
160,01-01-2019 01:58,2.13125E+14,shopping_pos,1.46,Belfast,42.32,-78.0943,abf8bf5819e8d74e53f7241da9e3714b,42.817788,-77.470532,0
161,01-01-2019 01:59,4.64685E+18,misc_pos,10.26,West Sayville,40.732,-73.1,343e889c6eb9e38d1fe0a557247fc26d,40.711398,-73.523504,0
162,01-01-2019 02:00,2.23388E+15,misc_net,3.67,Sturgis,33.357,-89.0473,a28c5d7c17b0355649ae04a17d32d335,33.663412,-89.613292,0
163,01-01-2019 02:00,4.62356E+12,shopping_net,8.95,Lohrville,42.2619,-94.5566,056cc4326ddd0af0d9341dc101dc4b5f,42.658626,-94.486224,0
164,01-01-2019 02:00,3.74656E+14,grocery_pos,51.6,Arlington,38.8954,-77.1633,76f52c6f0f35f6e2a4335e4f1b115339,38.197108,-77.644807,0
165,01-01-2019 02:01,4.99773E+15,grocery_pos,204.72,Saint Paul,44.9913,-92.9487,6678b8bfd6c52a40aa0f126bbc881557,44.156171,-92.805728,0
166,01-01-2019 02:01,3.68903E+13,misc_net,4.47,Girard,33.0437,-81.7106,745ed604f0a65fa57549202c92b05db9,32.826449,-82.000131,0
167,01-01-2019 02:01,4.53857E+12,shopping_pos,4.08,Fairview,40.817,-74,7d57fc04294a420edd54fd74f22abbcb,40.148746,-74.840312,0
168,01-01-2019 02:02,3.5149E+15,entertainment,145.75,Farmington,42.958,-77.3083,debedd2588067ec99d29d26c343d90b6,42.446162,-78.048599,0
169,01-01-2019 02:02,4.0891E+18,gas_transport,56.34,Kilgore,32.3836,-94.8653,7d1d42e16e58589910edff6b4c48b88b,32.044628,-94.761666,0
170,01-01-2019 02:02,4.41058E+18,food_dining,31.8,Springfield,32.3697,-81.3618,2e38af6a2565dc98b17aca30c78f9796,31.648009,-80.602973,0
171,01-01-2019 02:03,3.57766E+15,gas_transport,63.39,Lepanto,35.6069,-90.3359,6c6ea044f3bf8b9b938cc973e4db1de5,34.798873,-89.494405,0
172,01-01-2019 02:04,3.55865E+15,shopping_pos,8.29,Karnack,32.6205,-94.2,232a0c3c1e713a6af2996a897705af02,33.193514,-93.437407,0
173,01-01-2019 02:06,2.31806E+15,grocery_pos,78.13,Louisiana,39.4336,-91.0664,e46a01d459665d3466b3a2148eb80f4e,40.247129,-91.699005,0
174,01-01-2019 02:08,4.99811E+15,gas_transport,52.67,Kansas City,38.9621,-94.5959,29768857d3597be571bce4497a48c735,39.662816,-93.712244,0
175,01-01-2019 02:08,4.07977E+12,shopping_net,2.11,Mesa,44.6255,-116.4493,3749d51cb61d34bcaae08fcbee53fceb,44.710102,-117.229968,0
176,01-01-2019 02:10,4.74071E+15,entertainment,5.27,Pomona,41.1901,-74.0436,9f55bd65f64193f1b1a46a99c93e7844,41.788775,-74.471154,0
177,01-01-2019 02:12,4.97942E+15,shopping_pos,1.42,Westerville,41.4193,-99.3844,0020b02e5638ee80c7176007e1b483fa,40.790587,-99.011834,0
178,01-01-2019 02:12,6.01155E+15,grocery_pos,104.08,Lonetree,41.0552,-110.1603,991f851c15545feaa5c0c90e264a66a3,41.677942,-110.829354,0
179,01-01-2019 02:12,4.11655E+15,shopping_pos,9.63,Port Saint Lucie,27.2625,-80.3793,488b38b0478a9e1e80f7aafe1dfd67d2,26.456712,-79.744921,0
180,01-01-2019 02:13,3.57579E+15,gas_transport,39.98,Centerview,38.7897,-93.8702,f8ab97ed82e0669c50d3d8a60baf9c64,38.995701,-93.569356,0
181,01-01-2019 02:14,4.56E+18,grocery_pos,192.82,Colorado Springs,38.8881,-104.6556,3dcdb9b61cc3770b9c8b78818173e6d6,39.299824,-103.854765,0
182,01-01-2019 02:14,4.39352E+12,misc_pos,34.76,Easton,39.3391,-95.0999,e6e3f462abfffdf22115360310622e20,38.78936,-95.405907,0
183,01-01-2019 02:16,4.48826E+18,misc_pos,9.5,West Columbia,33.9568,-81.1405,a4d5b259f2a78599f3100611bc4b32ce,34.099428,-81.916669,0
184,01-01-2019 02:16,3.0093E+13,grocery_pos,182.1,Maysville,38.6207,-83.8067,f83ceecffe486ed53cec38744c188160,39.499829,-83.26249,0
185,01-01-2019 02:17,4.19847E+12,grocery_pos,78.43,Avoca,41.4768,-95.3509,ec53af6138de6c125184ba6f4411b73d,42.465418,-95.211895,0
186,01-01-2019 02:20,4.30248E+15,grocery_net,76.37,Muskegon,43.2326,-86.2492,dacfc89918edf60c4c4dae339fffb1b0,44.036016,-86.754147,0
187,01-01-2019 02:20,4.68352E+15,misc_net,6.37,Hawthorne,33.9143,-118.3493,bcff0b6c116a2ed80b212aa3acb07195,34.108257,-117.549012,0
188,01-01-2019 02:20,3.53374E+15,grocery_net,28.37,Johns Island,32.8357,-79.8217,34643d5a43acea936ebfab68d53e1a89,33.791152,-80.788125,0
189,01-01-2019 02:21,4.96986E+15,shopping_net,5.82,Metairie,29.9975,-90.2146,f951e7d867154de4b5fb8934690359ac,29.471413,-91.074361,0
190,01-01-2019 02:21,3.03447E+13,grocery_net,41.01,Blairsden-Graeagle,39.8127,-120.6405,ff342d2dad68412cbc24eb27b2370291,39.949197,-119.792299,0
191,01-01-2019 02:22,3.54155E+15,gas_transport,70.56,Hampton,37.0462,-76.4096,ca10b1a1bc7efc32e2840b84d0ae8183,37.005252,-76.395765,0
192,01-01-2019 02:22,4.7614E+18,gas_transport,57.64,Viola,36.3924,-91.9932,c304a7ed05ab1267dabed3a82c367234,36.502461,-92.210445,0
193,01-01-2019 02:22,4.23955E+15,gas_transport,119.47,Paulding,41.141,-84.5722,876d3955190af400d69a01a79a7dbceb,41.746779,-84.601964,0
194,01-01-2019 02:23,6.51722E+15,grocery_pos,117.29,Sontag,31.6453,-90.1801,1f24070c1ab4fcdabfc8c96be5906527,32.035674,-89.835532,0
195,01-01-2019 02:23,3.56034E+15,entertainment,65.05,Clutier,42.0789,-92.3763,df1f46cb63a40e84702de8c3b0c8f66f,41.388862,-91.844621,0
196,01-01-2019 02:26,4.36401E+15,gas_transport,61.99,Reno,39.5483,-119.7957,56bf02cc990fffa7866794be63472528,38.573952,-120.084189,0
197,01-01-2019 02:26,4.33423E+15,gas_transport,49.53,Freedom,43.0172,-111.0292,c09831d3ebf12b67982f193d03162974,43.038723,-111.821595,0
198,01-01-2019 02:27,4.46978E+18,grocery_net,54.47,Methuen,42.728,-71.181,380323300d81e3748e91db03d95cc3fa,42.114749,-70.460861,0
199,01-01-2019 02:28,4.82666E+15,shopping_net,6.05,Barnstable,41.6983,-70.3001,330336fda32a449755233ac8a862378d,41.767862,-69.37527,0
200,01-01-2019 02:28,3.59511E+15,grocery_pos,157.07,Cardwell,36.0434,-90.2907,2718171b5be46962b081ee742ed3cd42,35.632995,-89.589641,0
